TAXID,Kingdom,Phylum,Class,Order,Family,Genus,Species,Strain
Otu0001,k__Bacteria,__,__,__,__,__,__,
Otu0002,k__Bacteria,p__Acidobacteria,c__Acidobacteria-6,o__iii1-15,f__,g__,s__,
Otu0003,k__Bacteria,p__Acidobacteria,c__Solibacteres,o__Solibacterales,f__,g__,s__,
Otu0004,k__Bacteria,p__Acidobacteria,c__Sva0725,o__Sva0725,f__,g__,s__,
Otu0005,k__Bacteria,p__Actinobacteria,c__Acidimicrobiia,o__Acidimicrobiales,f__,g__,s__,
Otu0006,k__Bacteria,p__Actinobacteria,c__Actinobacteria,o__Actinomycetales,f__Actinomycetaceae,g__Actinobaculum,s__,
Otu0007,k__Bacteria,p__Actinobacteria,c__Actinobacteria,o__Actinomycetales,f__Actinomycetaceae,g__Actinomyces,__,
Otu0008,k__Bacteria,p__Actinobacteria,c__Actinobacteria,o__Actinomycetales,f__Actinomycetaceae,g__Actinomyces,s__,
Otu0009,k__Bacteria,p__Actinobacteria,c__Actinobacteria,o__Actinomycetales,f__Actinomycetaceae,g__Actinomyces,s__europaeus,
Otu0010,k__Bacteria,p__Actinobacteria,c__Actinobacteria,o__Actinomycetales,f__Actinomycetaceae,g__Arcanobacterium,s__,
Otu0011,k__Bacteria,p__Actinobacteria,c__Actinobacteria,o__Actinomycetales,f__Actinomycetaceae,g__Mobiluncus,s__,
Otu0012,k__Bacteria,p__Actinobacteria,c__Actinobacteria,o__Actinomycetales,f__Actinomycetaceae,g__Varibaculum,s__,
Otu0013,k__Bacteria,p__Actinobacteria,c__Actinobacteria,o__Actinomycetales,f__Cellulomonadaceae,g__,s__,
Otu0014,k__Bacteria,p__Actinobacteria,c__Actinobacteria,o__Actinomycetales,f__Cellulomonadaceae,g__Cellulomonas,s__,
Otu0015,k__Bacteria,p__Actinobacteria,c__Actinobacteria,o__Actinomycetales,f__Corynebacteriaceae,g__Corynebacterium,s__,
Otu0016,k__Bacteria,p__Actinobacteria,c__Actinobacteria,o__Actinomycetales,f__Microbacteriaceae,__,__,
Otu0017,k__Bacteria,p__Actinobacteria,c__Actinobacteria,o__Actinomycetales,f__Microbacteriaceae,g__Clavibacter,s__michiganensis,
Otu0018,k__Bacteria,p__Actinobacteria,c__Actinobacteria,o__Actinomycetales,f__Microbacteriaceae,g__Microbacterium,__,
Otu0019,k__Bacteria,p__Actinobacteria,c__Actinobacteria,o__Actinomycetales,f__Microbacteriaceae,g__Microbacterium,s__,
Otu0020,k__Bacteria,p__Actinobacteria,c__Actinobacteria,o__Actinomycetales,f__Micrococcaceae,g__Micrococcus,__,
Otu0021,k__Bacteria,p__Actinobacteria,c__Actinobacteria,o__Actinomycetales,f__Micrococcaceae,g__Renibacterium,s__,
Otu0022,k__Bacteria,p__Actinobacteria,c__Actinobacteria,o__Actinomycetales,f__Micrococcaceae,g__Rothia,s__mucilaginosa,
Otu0023,k__Bacteria,p__Actinobacteria,c__Actinobacteria,o__Actinomycetales,f__Nocardiaceae,g__Nocardia,s__,
Otu0024,k__Bacteria,p__Actinobacteria,c__Actinobacteria,o__Actinomycetales,f__Nocardioidaceae,g__Friedmanniella,s__,
Otu0025,k__Bacteria,p__Actinobacteria,c__Actinobacteria,o__Actinomycetales,f__Propionibacteriaceae,g__,s__,
Otu0026,k__Bacteria,p__Actinobacteria,c__Actinobacteria,o__Actinomycetales,f__Propionibacteriaceae,g__Propionibacterium,s__acnes,
Otu0027,k__Bacteria,p__Actinobacteria,c__Actinobacteria,o__Actinomycetales,f__Propionibacteriaceae,g__Propionimicrobium,s__lymphophilum,
Otu0028,k__Bacteria,p__Actinobacteria,c__Actinobacteria,o__Actinomycetales,f__Sporichthyaceae,g__,s__,
Otu0029,k__Bacteria,p__Actinobacteria,c__Actinobacteria,o__Bifidobacteriales,f__Bifidobacteriaceae,g__Bifidobacterium,s__adolescentis,
Otu0030,k__Bacteria,p__Actinobacteria,c__Actinobacteria,o__Bifidobacteriales,f__Bifidobacteriaceae,g__Bifidobacterium,s__animalis,
Otu0031,k__Bacteria,p__Actinobacteria,c__Actinobacteria,o__Bifidobacteriales,f__Bifidobacteriaceae,g__Bifidobacterium,s__breve,
Otu0032,k__Bacteria,p__Actinobacteria,c__Actinobacteria,o__Bifidobacteriales,f__Bifidobacteriaceae,g__Bifidobacterium,s__pseudolongum,
Otu0033,k__Bacteria,p__Actinobacteria,c__Actinobacteria,o__Bifidobacteriales,f__Bifidobacteriaceae,g__Gardnerella,s__,
Otu0034,k__Bacteria,p__Actinobacteria,c__Coriobacteriia,o__Coriobacteriales,f__Coriobacteriaceae,g__,s__,
Otu0035,k__Bacteria,p__Actinobacteria,c__Coriobacteriia,o__Coriobacteriales,f__Coriobacteriaceae,g__Atopobium,s__,
Otu0036,k__Bacteria,p__Actinobacteria,c__Coriobacteriia,o__Coriobacteriales,f__Coriobacteriaceae,g__Collinsella,s__aerofaciens,
Otu0037,k__Bacteria,p__Actinobacteria,c__Coriobacteriia,o__Coriobacteriales,f__Coriobacteriaceae,g__Slackia,s__,
Otu0038,k__Bacteria,p__Actinobacteria,c__Thermoleophilia,o__Solirubrobacterales,f__,g__,s__,
Otu0039,k__Bacteria,p__Armatimonadetes,c__[Fimbriimonadia],o__[Fimbriimonadales],f__[Fimbriimonadaceae],g__,s__,
Otu0040,k__Bacteria,p__Bacteroidetes,c__Bacteroidia,o__Bacteroidales,__,__,__,
Otu0041,k__Bacteria,p__Bacteroidetes,c__Bacteroidia,o__Bacteroidales,f__,g__,s__,
Otu0042,k__Bacteria,p__Bacteroidetes,c__Bacteroidia,o__Bacteroidales,f__Bacteroidaceae,g__Bacteroides,__,
Otu0043,k__Bacteria,p__Bacteroidetes,c__Bacteroidia,o__Bacteroidales,f__Bacteroidaceae,g__Bacteroides,s__,
Otu0044,k__Bacteria,p__Bacteroidetes,c__Bacteroidia,o__Bacteroidales,f__Bacteroidaceae,g__Bacteroides,s__fragilis,
Otu0045,k__Bacteria,p__Bacteroidetes,c__Bacteroidia,o__Bacteroidales,f__Bacteroidaceae,g__Bacteroides,s__ovatus,
Otu0046,k__Bacteria,p__Bacteroidetes,c__Bacteroidia,o__Bacteroidales,f__Bacteroidaceae,g__Bacteroides,s__plebeius,
Otu0047,k__Bacteria,p__Bacteroidetes,c__Bacteroidia,o__Bacteroidales,f__Bacteroidaceae,g__Bacteroides,s__uniformis,
Otu0048,k__Bacteria,p__Bacteroidetes,c__Bacteroidia,o__Bacteroidales,f__Porphyromonadaceae,g__,s__,
Otu0049,k__Bacteria,p__Bacteroidetes,c__Bacteroidia,o__Bacteroidales,f__Porphyromonadaceae,g__Candidatus Azobacteroides,s__,
Otu0050,k__Bacteria,p__Bacteroidetes,c__Bacteroidia,o__Bacteroidales,f__Porphyromonadaceae,g__Dysgonomonas,__,
Otu0051,k__Bacteria,p__Bacteroidetes,c__Bacteroidia,o__Bacteroidales,f__Porphyromonadaceae,g__Dysgonomonas,s__,
Otu0052,k__Bacteria,p__Bacteroidetes,c__Bacteroidia,o__Bacteroidales,f__Porphyromonadaceae,g__Dysgonomonas,s__gadei,
Otu0053,k__Bacteria,p__Bacteroidetes,c__Bacteroidia,o__Bacteroidales,f__Porphyromonadaceae,g__Paludibacter,s__,
Otu0054,k__Bacteria,p__Bacteroidetes,c__Bacteroidia,o__Bacteroidales,f__Porphyromonadaceae,g__Parabacteroides,s__,
Otu0055,k__Bacteria,p__Bacteroidetes,c__Bacteroidia,o__Bacteroidales,f__Porphyromonadaceae,g__Parabacteroides,s__distasonis,
Otu0056,k__Bacteria,p__Bacteroidetes,c__Bacteroidia,o__Bacteroidales,f__Porphyromonadaceae,g__Porphyromonas,s__,
Otu0057,k__Bacteria,p__Bacteroidetes,c__Bacteroidia,o__Bacteroidales,f__Prevotellaceae,g__Prevotella,s__,
Otu0058,k__Bacteria,p__Bacteroidetes,c__Bacteroidia,o__Bacteroidales,f__Prevotellaceae,g__Prevotella,s__copri,
Otu0059,k__Bacteria,p__Bacteroidetes,c__Bacteroidia,o__Bacteroidales,f__Rikenellaceae,g__,s__,
Otu0060,k__Bacteria,p__Bacteroidetes,c__Bacteroidia,o__Bacteroidales,f__Rikenellaceae,g__Alistipes,s__putredinis,
Otu0061,k__Bacteria,p__Bacteroidetes,c__Bacteroidia,o__Bacteroidales,f__Rikenellaceae,g__Rikenella,s__,
Otu0062,k__Bacteria,p__Bacteroidetes,c__Bacteroidia,o__Bacteroidales,f__[Barnesiellaceae],g__,s__,
Otu0063,k__Bacteria,p__Bacteroidetes,c__Bacteroidia,o__Bacteroidales,f__[Odoribacteraceae],g__Odoribacter,s__,
Otu0064,k__Bacteria,p__Bacteroidetes,c__Bacteroidia,o__Bacteroidales,f__[Paraprevotellaceae],g__[Prevotella],s__,
Otu0065,k__Bacteria,p__Bacteroidetes,c__Cytophagia,o__Cytophagales,f__Cytophagaceae,g__,s__,
Otu0066,k__Bacteria,p__Bacteroidetes,c__Cytophagia,o__Cytophagales,f__Cytophagaceae,g__Adhaeribacter,s__,
Otu0067,k__Bacteria,p__Bacteroidetes,c__Flavobacteriia,o__Flavobacteriales,f__Cryomorphaceae,g__,s__,
Otu0068,k__Bacteria,p__Bacteroidetes,c__Flavobacteriia,o__Flavobacteriales,f__Flavobacteriaceae,g__Capnocytophaga,s__,
Otu0069,k__Bacteria,p__Bacteroidetes,c__Flavobacteriia,o__Flavobacteriales,f__Flavobacteriaceae,g__Zhouia,s__,
Otu0070,k__Bacteria,p__Bacteroidetes,c__Flavobacteriia,o__Flavobacteriales,f__[Weeksellaceae],g__,s__,
Otu0071,k__Bacteria,p__Bacteroidetes,c__Flavobacteriia,o__Flavobacteriales,f__[Weeksellaceae],g__Cloacibacterium,s__,
Otu0072,k__Bacteria,p__Bacteroidetes,c__Sphingobacteriia,o__Sphingobacteriales,f__Sphingobacteriaceae,g__Sphingobacterium,s__multivorum,
Otu0073,k__Bacteria,p__Bacteroidetes,c__[Saprospirae],o__[Saprospirales],f__Saprospiraceae,g__,s__,
Otu0074,k__Bacteria,p__Chlorobi,c__Ignavibacteria,o__Ignavibacteriales,f__Ignavibacteriaceae,g__,s__,
Otu0075,k__Bacteria,p__Chloroflexi,c__Anaerolineae,o__Anaerolineales,f__Anaerolinaceae,g__SHD-231,s__,
Otu0076,k__Bacteria,p__Chloroflexi,c__Anaerolineae,o__GCA004,f__,g__,s__,
Otu0077,k__Bacteria,p__Chloroflexi,c__Anaerolineae,o__SBR1031,f__A4b,g__,s__,
Otu0078,k__Bacteria,p__Chloroflexi,c__TK17,o__mle1-48,f__,g__,s__,
Otu0079,k__Bacteria,p__Cyanobacteria,c__Chloroplast,o__Streptophyta,f__,g__,s__,
Otu0080,k__Bacteria,p__Firmicutes,c__Bacilli,o__Bacillales,f__Bacillaceae,g__Bacillus,s__thermoamylovorans,
Otu0081,k__Bacteria,p__Firmicutes,c__Bacilli,o__Bacillales,f__Paenibacillaceae,g__Paenibacillus,s__barengoltzii,
Otu0082,k__Bacteria,p__Firmicutes,c__Bacilli,o__Bacillales,f__Staphylococcaceae,g__Staphylococcus,__,
Otu0083,k__Bacteria,p__Firmicutes,c__Bacilli,o__Bacillales,f__Staphylococcaceae,g__Staphylococcus,s__haemolyticus,
Otu0084,k__Bacteria,p__Firmicutes,c__Bacilli,o__Bacillales,f__[Exiguobacteraceae],g__Exiguobacterium,s__,
Otu0085,k__Bacteria,p__Firmicutes,c__Bacilli,o__Gemellales,f__Gemellaceae,g__,s__,
Otu0086,k__Bacteria,p__Firmicutes,c__Bacilli,o__Lactobacillales,__,__,__,
Otu0087,k__Bacteria,p__Firmicutes,c__Bacilli,o__Lactobacillales,f__,g__,s__,
Otu0088,k__Bacteria,p__Firmicutes,c__Bacilli,o__Lactobacillales,f__Aerococcaceae,g__Aerococcus,s__,
Otu0089,k__Bacteria,p__Firmicutes,c__Bacilli,o__Lactobacillales,f__Carnobacteriaceae,__,__,
Otu0090,k__Bacteria,p__Firmicutes,c__Bacilli,o__Lactobacillales,f__Carnobacteriaceae,g__Carnobacterium,s__viridans,
Otu0091,k__Bacteria,p__Firmicutes,c__Bacilli,o__Lactobacillales,f__Carnobacteriaceae,g__Granulicatella,s__,
Otu0092,k__Bacteria,p__Firmicutes,c__Bacilli,o__Lactobacillales,f__Enterococcaceae,__,__,
Otu0093,k__Bacteria,p__Firmicutes,c__Bacilli,o__Lactobacillales,f__Enterococcaceae,g__Enterococcus,__,
Otu0094,k__Bacteria,p__Firmicutes,c__Bacilli,o__Lactobacillales,f__Enterococcaceae,g__Enterococcus,s__,
Otu0095,k__Bacteria,p__Firmicutes,c__Bacilli,o__Lactobacillales,f__Enterococcaceae,g__Enterococcus,s__casseliflavus,
Otu0096,k__Bacteria,p__Firmicutes,c__Bacilli,o__Lactobacillales,f__Lactobacillaceae,g__Lactobacillus,__,
Otu0097,k__Bacteria,p__Firmicutes,c__Bacilli,o__Lactobacillales,f__Lactobacillaceae,g__Lactobacillus,s__,
Otu0098,k__Bacteria,p__Firmicutes,c__Bacilli,o__Lactobacillales,f__Lactobacillaceae,g__Lactobacillus,s__delbrueckii,
Otu0099,k__Bacteria,p__Firmicutes,c__Bacilli,o__Lactobacillales,f__Lactobacillaceae,g__Lactobacillus,s__helveticus,
Otu0100,k__Bacteria,p__Firmicutes,c__Bacilli,o__Lactobacillales,f__Lactobacillaceae,g__Lactobacillus,s__iners,
Otu0101,k__Bacteria,p__Firmicutes,c__Bacilli,o__Lactobacillales,f__Lactobacillaceae,g__Lactobacillus,s__plantarum,
Otu0102,k__Bacteria,p__Firmicutes,c__Bacilli,o__Lactobacillales,f__Streptococcaceae,g__Lactococcus,s__,
Otu0103,k__Bacteria,p__Firmicutes,c__Bacilli,o__Lactobacillales,f__Streptococcaceae,g__Streptococcus,__,
Otu0104,k__Bacteria,p__Firmicutes,c__Bacilli,o__Lactobacillales,f__Streptococcaceae,g__Streptococcus,s__,
Otu0105,k__Bacteria,p__Firmicutes,c__Bacilli,o__Lactobacillales,f__Streptococcaceae,g__Streptococcus,s__anginosus,
Otu0106,k__Bacteria,p__Firmicutes,c__Clostridia,o__Clostridiales,__,__,__,
Otu0107,k__Bacteria,p__Firmicutes,c__Clostridia,o__Clostridiales,f__,g__,s__,
Otu0108,k__Bacteria,p__Firmicutes,c__Clostridia,o__Clostridiales,f__Christensenellaceae,g__,s__,
Otu0109,k__Bacteria,p__Firmicutes,c__Clostridia,o__Clostridiales,f__Clostridiaceae,g__Clostridium,s__,
Otu0110,k__Bacteria,p__Firmicutes,c__Clostridia,o__Clostridiales,f__Clostridiaceae,g__Clostridium,s__baratii,
Otu0111,k__Bacteria,p__Firmicutes,c__Clostridia,o__Clostridiales,f__Clostridiaceae,g__Clostridium,s__perfringens,
Otu0112,k__Bacteria,p__Firmicutes,c__Clostridia,o__Clostridiales,f__Lachnospiraceae,__,__,
Otu0113,k__Bacteria,p__Firmicutes,c__Clostridia,o__Clostridiales,f__Lachnospiraceae,g__,s__,
Otu0114,k__Bacteria,p__Firmicutes,c__Clostridia,o__Clostridiales,f__Lachnospiraceae,g__Blautia,s__,
Otu0115,k__Bacteria,p__Firmicutes,c__Clostridia,o__Clostridiales,f__Lachnospiraceae,g__Blautia,s__obeum,
Otu0116,k__Bacteria,p__Firmicutes,c__Clostridia,o__Clostridiales,f__Lachnospiraceae,g__Clostridium,__,
Otu0117,k__Bacteria,p__Firmicutes,c__Clostridia,o__Clostridiales,f__Lachnospiraceae,g__Clostridium,s__clostridioforme,
Otu0118,k__Bacteria,p__Firmicutes,c__Clostridia,o__Clostridiales,f__Lachnospiraceae,g__Coprococcus,s__,
Otu0119,k__Bacteria,p__Firmicutes,c__Clostridia,o__Clostridiales,f__Lachnospiraceae,g__Coprococcus,s__catus,
Otu0120,k__Bacteria,p__Firmicutes,c__Clostridia,o__Clostridiales,f__Lachnospiraceae,g__Coprococcus,s__eutactus,
Otu0121,k__Bacteria,p__Firmicutes,c__Clostridia,o__Clostridiales,f__Lachnospiraceae,g__Dorea,s__,
Otu0122,k__Bacteria,p__Firmicutes,c__Clostridia,o__Clostridiales,f__Lachnospiraceae,g__Dorea,s__formicigenerans,
Otu0123,k__Bacteria,p__Firmicutes,c__Clostridia,o__Clostridiales,f__Lachnospiraceae,g__Dorea,s__longicatena,
Otu0124,k__Bacteria,p__Firmicutes,c__Clostridia,o__Clostridiales,f__Lachnospiraceae,g__Lachnobacterium,s__,
Otu0125,k__Bacteria,p__Firmicutes,c__Clostridia,o__Clostridiales,f__Lachnospiraceae,g__Lachnospira,s__,
Otu0126,k__Bacteria,p__Firmicutes,c__Clostridia,o__Clostridiales,f__Lachnospiraceae,g__Roseburia,__,
Otu0127,k__Bacteria,p__Firmicutes,c__Clostridia,o__Clostridiales,f__Lachnospiraceae,g__Roseburia,s__faecis,
Otu0128,k__Bacteria,p__Firmicutes,c__Clostridia,o__Clostridiales,f__Lachnospiraceae,g__[Ruminococcus],s__,
Otu0129,k__Bacteria,p__Firmicutes,c__Clostridia,o__Clostridiales,f__Lachnospiraceae,g__[Ruminococcus],s__gnavus,
Otu0130,k__Bacteria,p__Firmicutes,c__Clostridia,o__Clostridiales,f__Peptococcaceae,g__Peptococcus,s__,
Otu0131,k__Bacteria,p__Firmicutes,c__Clostridia,o__Clostridiales,f__Peptostreptococcaceae,__,__,
Otu0132,k__Bacteria,p__Firmicutes,c__Clostridia,o__Clostridiales,f__Peptostreptococcaceae,g__,s__,
Otu0133,k__Bacteria,p__Firmicutes,c__Clostridia,o__Clostridiales,f__Peptostreptococcaceae,g__Peptostreptococcus,s__,
Otu0134,k__Bacteria,p__Firmicutes,c__Clostridia,o__Clostridiales,f__Ruminococcaceae,__,__,
Otu0135,k__Bacteria,p__Firmicutes,c__Clostridia,o__Clostridiales,f__Ruminococcaceae,g__,s__,
Otu0136,k__Bacteria,p__Firmicutes,c__Clostridia,o__Clostridiales,f__Ruminococcaceae,g__Butyricicoccus,s__pullicaecorum,
Otu0137,k__Bacteria,p__Firmicutes,c__Clostridia,o__Clostridiales,f__Ruminococcaceae,g__Faecalibacterium,s__,
Otu0138,k__Bacteria,p__Firmicutes,c__Clostridia,o__Clostridiales,f__Ruminococcaceae,g__Faecalibacterium,s__prausnitzii,
Otu0139,k__Bacteria,p__Firmicutes,c__Clostridia,o__Clostridiales,f__Ruminococcaceae,g__Gemmiger,s__formicilis,
Otu0140,k__Bacteria,p__Firmicutes,c__Clostridia,o__Clostridiales,f__Ruminococcaceae,g__Oscillospira,s__,
Otu0141,k__Bacteria,p__Firmicutes,c__Clostridia,o__Clostridiales,f__Ruminococcaceae,g__Ruminococcus,s__,
Otu0142,k__Bacteria,p__Firmicutes,c__Clostridia,o__Clostridiales,f__Ruminococcaceae,g__Ruminococcus,s__bromii,
Otu0143,k__Bacteria,p__Firmicutes,c__Clostridia,o__Clostridiales,f__Veillonellaceae,__,__,
Otu0144,k__Bacteria,p__Firmicutes,c__Clostridia,o__Clostridiales,f__Veillonellaceae,g__,s__,
Otu0145,k__Bacteria,p__Firmicutes,c__Clostridia,o__Clostridiales,f__Veillonellaceae,g__Dialister,s__,
Otu0146,k__Bacteria,p__Firmicutes,c__Clostridia,o__Clostridiales,f__Veillonellaceae,g__Megasphaera,s__,
Otu0147,k__Bacteria,p__Firmicutes,c__Clostridia,o__Clostridiales,f__Veillonellaceae,g__Phascolarctobacterium,s__,
Otu0148,k__Bacteria,p__Firmicutes,c__Clostridia,o__Clostridiales,f__Veillonellaceae,g__Schwartzia,s__,
Otu0149,k__Bacteria,p__Firmicutes,c__Clostridia,o__Clostridiales,f__Veillonellaceae,g__Veillonella,s__dispar,
Otu0150,k__Bacteria,p__Firmicutes,c__Clostridia,o__Clostridiales,f__[Tissierellaceae],g__1-68,s__,
Otu0151,k__Bacteria,p__Firmicutes,c__Clostridia,o__Clostridiales,f__[Tissierellaceae],g__,s__,
Otu0152,k__Bacteria,p__Firmicutes,c__Clostridia,o__Clostridiales,f__[Tissierellaceae],g__Anaerococcus,s__,
Otu0153,k__Bacteria,p__Firmicutes,c__Clostridia,o__Clostridiales,f__[Tissierellaceae],g__Finegoldia,s__,
Otu0154,k__Bacteria,p__Firmicutes,c__Clostridia,o__Clostridiales,f__[Tissierellaceae],g__Gallicola,s__,
Otu0155,k__Bacteria,p__Firmicutes,c__Clostridia,o__Clostridiales,f__[Tissierellaceae],g__Helcococcus,s__,
Otu0156,k__Bacteria,p__Firmicutes,c__Clostridia,o__Clostridiales,f__[Tissierellaceae],g__Parvimonas,s__,
Otu0157,k__Bacteria,p__Firmicutes,c__Clostridia,o__Clostridiales,f__[Tissierellaceae],g__Peptoniphilus,s__,
Otu0158,k__Bacteria,p__Firmicutes,c__Clostridia,o__Clostridiales,f__[Tissierellaceae],g__WAL_1855D,s__,
Otu0159,k__Bacteria,p__Firmicutes,c__Clostridia,o__Clostridiales,f__[Tissierellaceae],g__ph2,s__,
Otu0160,k__Bacteria,p__Firmicutes,c__Erysipelotrichi,o__Erysipelotrichales,f__Erysipelotrichaceae,g__,s__,
Otu0161,k__Bacteria,p__Firmicutes,c__Erysipelotrichi,o__Erysipelotrichales,f__Erysipelotrichaceae,g__Clostridium,s__ramosum,
Otu0162,k__Bacteria,p__Fusobacteria,c__Fusobacteriia,o__Fusobacteriales,f__Fusobacteriaceae,g__Fusobacterium,s__,
Otu0163,k__Bacteria,p__OD1,c__ZB2,o__,f__,g__,s__,
Otu0164,k__Bacteria,p__Planctomycetes,c__Phycisphaerae,o__Phycisphaerales,f__,g__,s__,
Otu0165,k__Bacteria,p__Planctomycetes,c__vadinHA49,o__PeHg47,f__,g__,s__,
Otu0166,k__Bacteria,p__Proteobacteria,c__Alphaproteobacteria,o__,f__,g__,s__,
Otu0167,k__Bacteria,p__Proteobacteria,c__Alphaproteobacteria,o__Caulobacterales,f__Caulobacteraceae,g__Brevundimonas,s__,
Otu0168,k__Bacteria,p__Proteobacteria,c__Alphaproteobacteria,o__Caulobacterales,f__Caulobacteraceae,g__Brevundimonas,s__vesicularis,
Otu0169,k__Bacteria,p__Proteobacteria,c__Alphaproteobacteria,o__Rhizobiales,f__Bradyrhizobiaceae,__,__,
Otu0170,k__Bacteria,p__Proteobacteria,c__Alphaproteobacteria,o__Rhizobiales,f__Bradyrhizobiaceae,g__Afipia,s__,
Otu0171,k__Bacteria,p__Proteobacteria,c__Alphaproteobacteria,o__Rhizobiales,f__Methylobacteriaceae,__,__,
Otu0172,k__Bacteria,p__Proteobacteria,c__Alphaproteobacteria,o__Rhizobiales,f__Methylobacteriaceae,g__Methylobacterium,s__hispanicum,
Otu0173,k__Bacteria,p__Proteobacteria,c__Alphaproteobacteria,o__Rhizobiales,f__Methylocystaceae,g__,s__,
Otu0174,k__Bacteria,p__Proteobacteria,c__Alphaproteobacteria,o__Rhodobacterales,f__Hyphomonadaceae,g__,s__,
Otu0175,k__Bacteria,p__Proteobacteria,c__Alphaproteobacteria,o__Rhodobacterales,f__Rhodobacteraceae,__,__,
Otu0176,k__Bacteria,p__Proteobacteria,c__Alphaproteobacteria,o__Rhodobacterales,f__Rhodobacteraceae,g__Paracoccus,__,
Otu0177,k__Bacteria,p__Proteobacteria,c__Alphaproteobacteria,o__Rhodospirillales,f__Rhodospirillaceae,g__,s__,
Otu0178,k__Bacteria,p__Proteobacteria,c__Alphaproteobacteria,o__Rickettsiales,f__mitochondria,__,__,
Otu0179,k__Bacteria,p__Proteobacteria,c__Alphaproteobacteria,o__Sphingomonadales,f__Sphingomonadaceae,g__Sphingobium,s__yanoikuyae,
Otu0180,k__Bacteria,p__Proteobacteria,c__Alphaproteobacteria,o__Sphingomonadales,f__Sphingomonadaceae,g__Sphingomonas,s__,
Otu0181,k__Bacteria,p__Proteobacteria,c__Alphaproteobacteria,o__Sphingomonadales,f__Sphingomonadaceae,g__Sphingomonas,s__yabuuchiae,
Otu0182,k__Bacteria,p__Proteobacteria,c__Betaproteobacteria,__,__,__,__,
Otu0183,k__Bacteria,p__Proteobacteria,c__Betaproteobacteria,o__ASSO-13,f__,g__,s__,
Otu0184,k__Bacteria,p__Proteobacteria,c__Betaproteobacteria,o__Burkholderiales,f__Alcaligenaceae,g__Oligella,s__,
Otu0185,k__Bacteria,p__Proteobacteria,c__Betaproteobacteria,o__Burkholderiales,f__Alcaligenaceae,g__Sutterella,s__,
Otu0186,k__Bacteria,p__Proteobacteria,c__Betaproteobacteria,o__Burkholderiales,f__Burkholderiaceae,g__Burkholderia,__,
Otu0187,k__Bacteria,p__Proteobacteria,c__Betaproteobacteria,o__Burkholderiales,f__Comamonadaceae,__,__,
Otu0188,k__Bacteria,p__Proteobacteria,c__Betaproteobacteria,o__Burkholderiales,f__Comamonadaceae,g__Acidovorax,__,
Otu0189,k__Bacteria,p__Proteobacteria,c__Betaproteobacteria,o__Burkholderiales,f__Comamonadaceae,g__Comamonas,s__,
Otu0190,k__Bacteria,p__Proteobacteria,c__Betaproteobacteria,o__Burkholderiales,f__Comamonadaceae,g__Delftia,s__,
Otu0191,k__Bacteria,p__Proteobacteria,c__Betaproteobacteria,o__Burkholderiales,f__Comamonadaceae,g__Hydrogenophaga,s__,
Otu0192,k__Bacteria,p__Proteobacteria,c__Betaproteobacteria,o__Burkholderiales,f__Comamonadaceae,g__Pelomonas,__,
Otu0193,k__Bacteria,p__Proteobacteria,c__Betaproteobacteria,o__Burkholderiales,f__Comamonadaceae,g__Sphaerotilus,s__natans,
Otu0194,k__Bacteria,p__Proteobacteria,c__Betaproteobacteria,o__Burkholderiales,f__Comamonadaceae,g__Variovorax,s__paradoxus,
Otu0195,k__Bacteria,p__Proteobacteria,c__Betaproteobacteria,o__Burkholderiales,f__Oxalobacteraceae,g__Herbaspirillum,s__,
Otu0196,k__Bacteria,p__Proteobacteria,c__Betaproteobacteria,o__Burkholderiales,f__Oxalobacteraceae,g__Massilia,__,
Otu0197,k__Bacteria,p__Proteobacteria,c__Betaproteobacteria,o__Burkholderiales,f__Oxalobacteraceae,g__Massilia,s__timonae,
Otu0198,k__Bacteria,p__Proteobacteria,c__Betaproteobacteria,o__Burkholderiales,f__Oxalobacteraceae,g__Ralstonia,s__,
Otu0199,k__Bacteria,p__Proteobacteria,c__Betaproteobacteria,o__Neisseriales,f__Neisseriaceae,g__,s__,
Otu0200,k__Bacteria,p__Proteobacteria,c__Betaproteobacteria,o__Neisseriales,f__Neisseriaceae,g__Neisseria,s__,
Otu0201,k__Bacteria,p__Proteobacteria,c__Betaproteobacteria,o__Nitrosomonadales,f__Nitrosomonadaceae,g__Nitrosococcus,s__mobilis,
Otu0202,k__Bacteria,p__Proteobacteria,c__Betaproteobacteria,o__Rhodocyclales,f__Rhodocyclaceae,__,__,
Otu0203,k__Bacteria,p__Proteobacteria,c__Betaproteobacteria,o__Rhodocyclales,f__Rhodocyclaceae,g__Thauera,s__,
Otu0204,k__Bacteria,p__Proteobacteria,c__Deltaproteobacteria,__,__,__,__,
Otu0205,k__Bacteria,p__Proteobacteria,c__Deltaproteobacteria,o__Desulfobacterales,f__Desulfobacteraceae,g__,s__,
Otu0206,k__Bacteria,p__Proteobacteria,c__Deltaproteobacteria,o__Desulfovibrionales,f__Desulfovibrionaceae,g__,s__,
Otu0207,k__Bacteria,p__Proteobacteria,c__Epsilonproteobacteria,o__Campylobacterales,f__Campylobacteraceae,g__Campylobacter,s__,
Otu0208,k__Bacteria,p__Proteobacteria,c__Epsilonproteobacteria,o__Campylobacterales,f__Campylobacteraceae,g__Campylobacter,s__ureolyticus,
Otu0209,k__Bacteria,p__Proteobacteria,c__Gammaproteobacteria,__,__,__,__,
Otu0210,k__Bacteria,p__Proteobacteria,c__Gammaproteobacteria,o__Alteromonadales,f__Psychromonadaceae,g__Psychromonas,s__,
Otu0211,k__Bacteria,p__Proteobacteria,c__Gammaproteobacteria,o__Enterobacteriales,f__Enterobacteriaceae,__,__,
Otu0212,k__Bacteria,p__Proteobacteria,c__Gammaproteobacteria,o__Enterobacteriales,f__Enterobacteriaceae,g__,s__,
Otu0213,k__Bacteria,p__Proteobacteria,c__Gammaproteobacteria,o__Enterobacteriales,f__Enterobacteriaceae,g__Citrobacter,s__koseri,
Otu0214,k__Bacteria,p__Proteobacteria,c__Gammaproteobacteria,o__Enterobacteriales,f__Enterobacteriaceae,g__Enterobacter,__,
Otu0215,k__Bacteria,p__Proteobacteria,c__Gammaproteobacteria,o__Enterobacteriales,f__Enterobacteriaceae,g__Escherichia,s__coli,
Otu0216,k__Bacteria,p__Proteobacteria,c__Gammaproteobacteria,o__Enterobacteriales,f__Enterobacteriaceae,g__Escherichia,s__vulneris,
Otu0217,k__Bacteria,p__Proteobacteria,c__Gammaproteobacteria,o__Enterobacteriales,f__Enterobacteriaceae,g__Klebsiella,__,
Otu0218,k__Bacteria,p__Proteobacteria,c__Gammaproteobacteria,o__Enterobacteriales,f__Enterobacteriaceae,g__Klebsiella,s__oxytoca,
Otu0219,k__Bacteria,p__Proteobacteria,c__Gammaproteobacteria,o__Enterobacteriales,f__Enterobacteriaceae,g__Kluyvera,__,
Otu0220,k__Bacteria,p__Proteobacteria,c__Gammaproteobacteria,o__Enterobacteriales,f__Enterobacteriaceae,g__Morganella,s__morganii,
Otu0221,k__Bacteria,p__Proteobacteria,c__Gammaproteobacteria,o__Enterobacteriales,f__Enterobacteriaceae,g__Proteus,s__,
Otu0222,k__Bacteria,p__Proteobacteria,c__Gammaproteobacteria,o__Enterobacteriales,f__Enterobacteriaceae,g__Proteus,s__myxofaciens,
Otu0223,k__Bacteria,p__Proteobacteria,c__Gammaproteobacteria,o__Enterobacteriales,f__Enterobacteriaceae,g__Salmonella,__,
Otu0224,k__Bacteria,p__Proteobacteria,c__Gammaproteobacteria,o__Oceanospirillales,f__Alcanivoracaceae,g__Alcanivorax,s__venustensis,
Otu0225,k__Bacteria,p__Proteobacteria,c__Gammaproteobacteria,o__Pasteurellales,f__Pasteurellaceae,g__Haemophilus,s__parainfluenzae,
Otu0226,k__Bacteria,p__Proteobacteria,c__Gammaproteobacteria,o__Pseudomonadales,f__Moraxellaceae,g__Acinetobacter,s__,
Otu0227,k__Bacteria,p__Proteobacteria,c__Gammaproteobacteria,o__Pseudomonadales,f__Moraxellaceae,g__Acinetobacter,s__johnsonii,
Otu0228,k__Bacteria,p__Proteobacteria,c__Gammaproteobacteria,o__Pseudomonadales,f__Moraxellaceae,g__Acinetobacter,s__lwoffii,
Otu0229,k__Bacteria,p__Proteobacteria,c__Gammaproteobacteria,o__Pseudomonadales,f__Moraxellaceae,g__Acinetobacter,s__rhizosphaerae,
Otu0230,k__Bacteria,p__Proteobacteria,c__Gammaproteobacteria,o__Pseudomonadales,f__Moraxellaceae,g__Acinetobacter,s__schindleri,
Otu0231,k__Bacteria,p__Proteobacteria,c__Gammaproteobacteria,o__Pseudomonadales,f__Moraxellaceae,g__Enhydrobacter,s__,
Otu0232,k__Bacteria,p__Proteobacteria,c__Gammaproteobacteria,o__Pseudomonadales,f__Pseudomonadaceae,__,__,
Otu0233,k__Bacteria,p__Proteobacteria,c__Gammaproteobacteria,o__Pseudomonadales,f__Pseudomonadaceae,g__,s__,
Otu0234,k__Bacteria,p__Proteobacteria,c__Gammaproteobacteria,o__Pseudomonadales,f__Pseudomonadaceae,g__Pseudomonas,__,
Otu0235,k__Bacteria,p__Proteobacteria,c__Gammaproteobacteria,o__Pseudomonadales,f__Pseudomonadaceae,g__Pseudomonas,s__,
Otu0236,k__Bacteria,p__Proteobacteria,c__Gammaproteobacteria,o__Pseudomonadales,f__Pseudomonadaceae,g__Pseudomonas,s__caeni,
Otu0237,k__Bacteria,p__Proteobacteria,c__Gammaproteobacteria,o__Pseudomonadales,f__Pseudomonadaceae,g__Pseudomonas,s__veronii,
Otu0238,k__Bacteria,p__Proteobacteria,c__Gammaproteobacteria,o__Vibrionales,f__Vibrionaceae,g__Photobacterium,s__,
Otu0239,k__Bacteria,p__Proteobacteria,c__Gammaproteobacteria,o__Xanthomonadales,f__Xanthomonadaceae,g__Stenotrophomonas,__,
Otu0240,k__Bacteria,p__Proteobacteria,c__Gammaproteobacteria,o__Xanthomonadales,f__Xanthomonadaceae,g__Stenotrophomonas,s__,
Otu0241,k__Bacteria,p__Proteobacteria,c__Gammaproteobacteria,o__Xanthomonadales,f__Xanthomonadaceae,g__Thermomonas,s__fusca,
Otu0242,k__Bacteria,p__Synergistetes,c__Synergistia,o__Synergistales,f__Dethiosulfovibrionaceae,g__TG5,s__,
Otu0243,k__Bacteria,p__TM7,c__TM7-3,o__CW040,f__F16,g__,s__,
Otu0244,k__Bacteria,p__Tenericutes,c__Mollicutes,o__RF39,f__,g__,s__,
Otu0245,k__Bacteria,p__Verrucomicrobia,c__Verrucomicrobiae,o__Verrucomicrobiales,f__Verrucomicrobiaceae,g__,s__,
Otu0246,k__Bacteria,p__Verrucomicrobia,c__Verrucomicrobiae,o__Verrucomicrobiales,f__Verrucomicrobiaceae,g__Akkermansia,s__,
Otu0247,k__Bacteria,p__Verrucomicrobia,c__[Pedosphaerae],o__[Pedosphaerales],f__,g__,s__,
Otu0248,k__Bacteria,p__Verrucomicrobia,c__[Pedosphaerae],o__[Pedosphaerales],f__auto67_4W,g__,s__,
Otu0249,,,,,,,,
